Homework ID,Student ID,Question ID,Recognition Errors
Homework1,student_2,1_5-2,"1.
Source: \boxed{q = 72000 \text{ Coulomb's}}
Rectified Version: q = 72000 \text{ coulombs}
Reason: The unit ""coulombs"" is misspelled with an apostrophe, making it possessive (""Coulomb's"") instead of the correct plural form."
Homework1,student_2,1_5-3,No significant errors found.
Homework1,student_2,2_4-7,No significant errors found.
Homework1,student_2,2_5-1,No significant errors found.
Homework1,student_2,2_5-2,No significant errors found.
Homework1,student_2,3_2-1,No significant errors found.
Homework1,student_2,3_2-2,"1.
Source: $$v_a - v_d = 6V \rightarrow v_a = 6V \quad \quad v_2 = -6V$$
Rectified Version: $$v_a - v_d = 6V \rightarrow v_a = 6V$$
Reason: The target output incorrectly adds the equation `v_2 = -6V` to this line. This equation is derived in a later step and does not logically follow from the first part of the line."
Homework1,student_2,3_2-6,No significant errors found.
Homework1,student_2,3_4-4,"1.
Source:
$$
i_2 = \frac{\frac{1}{8}}{\frac{1}{8} + \frac{1}{8}} (-6) = \frac{\frac{1}{8}}{\frac{2}{8}} = \frac{1}{2} (-6) = -3A
$$
Rectified Version:
$$
i_2 = \frac{\frac{1}{8}}{\frac{1}{8} + \frac{1}{8}} (-6) = \frac{\frac{1}{8}} {\frac{2}{8}} (-6) = \frac{1}{2} (-6) = -3A
$$
Reason: The target model's transcription omits the `(-6)` term in an intermediate step, resulting in a mathematically incorrect equality `\frac{\frac{1}{8}}{\frac{2}{8}} = \frac{1}{2} (-6)`. The ground truth correctly includes the `(-6)` term throughout the calculation."
Homework1,student_21,1_5-2,"1.
Source:
$$q = \int_{-\infty}^{t} i d\tau = \int_{0}^{7200} 10 dt + q(0)$$
Rectified Version:
$$ q = \int_{-\infty}^{t} i d\tau = \int_{0}^{7200} 10 d\tau + q(0) $$
Reason: The variable of integration in the definite integral is written as `dt`, which is inconsistent with the `dτ` used in the integral's definition and the subsequent evaluation step (`10τ`). The ground truth correctly and consistently uses `dτ`."
Homework1,student_21,1_5-3,"1.
Source:
$$= 0.06t + w(0) - 0.06(0) - w(0)$$
Rectified Version:
$$= 0.06t + \cancel{w(0)} - 0.06(0) - \cancel{w(0)}$$
Reason: The target output failed to recognize the cancellation marks over the `w(0)` terms.

2.
Source:
$$t = 3333.33 \sec$$
Rectified Version:
$$t = 3333.33 \text{ sec}$$
Reason: The unit for seconds, ""sec"", was incorrectly transcribed as the mathematical function `\sec` (secant) instead of as text."
Homework1,student_21,2_4-6,No significant errors found.
Homework1,student_21,2_4-7,No significant errors found.
Homework1,student_21,2_5-1,"1.
Source:
$$
p = v \cdot i = (15\text{V})(3\text{A}) = 45\text{W}
$$
Rectified Version:
$$
p = V \cdot i = (15V)(3A) = 45W
$$
Reason: In part (b), the target model again uses `v` for voltage in the power calculation. This is inconsistent with the variable `V` used for voltage in the preceding lines of the same calculation (`V = iR` and `i = V/R`). The ground truth consistently uses `V`."
Homework1,student_21,2_5-2,No significant errors found.
Homework1,student_21,3_2-1,No significant errors found.
Homework1,student_21,3_2-2,"1.
Source: Nodes: Nodes `a` and `b` are circled.
Rectified Version: Nodes a, b, and c are circled.
Reason: The target model's description of the diagram annotations is incomplete. It fails to mention that node 'c' was also circled.

2.
Source:
$$3A = i_4 + 6A$$
Result:
$$-3A = i_4$$
Rectified Version:
$$3A = i_4 + 6A$$
$$3A = i_4$$
Reason: The target model correctly transcribes the KCL equation for node b, but it provides a calculated result (`-3A = i_4`) instead of transcribing the student's written result, which, according to the ground truth, is `3A = i_4`. The sign is incorrect compared to the ground truth."
Homework1,student_21,3_2-6,"1.
Source:
**node d (to check):**
$$-2\text{mA} + -1\text{mA} = -3\text{mA}$$
$$2\text{mA} = i_3 + 3\text{mA}$$
(Note: There is a checkmark next to the calculation $-3\text{mA}$)

Rectified Version:
**node (to check):**
$$-2mA + -1mA = -3mA \checkmark$$

Reason: The target output incorrectly includes the equation for node c ($2\text{mA} = i_3 + 3\text{mA}$) as part of the check for node d. The check for node d should only consist of the summation of the incoming currents equaling the outgoing current, which is correctly identified in the first line."
Homework1,student_21,3_4-4,No significant errors found.
Homework1,student_21,3_6-1,No significant errors found.
